구분,항공사,편명,출발지,도착지,출발시간,도착시간,운항요일,운항시작기간,운항종료기간,데이터기준일자
출발,아시아나항공,OZ8900,제주,서울/김포,06:30,07:40,월+화+수+목+금+토+일,2024-04-01,2024-10-26,2024-06-19
출발,제주항공,7C308,제주,무안,07:00,08:00,화+토,2024-04-24,2024-10-16,2024-06-19
출발,대한항공,KE1118,제주,서울/김포,07:00,08:10,월+화+수+목+금+토+일,2024-06-02,2024-10-26,2024-06-19
출발,대한항공,KE1704,제주,청주,07:20,08:30,월+화+수+목+금+토+일,2024-03-31,2024-06-30,2024-06-19
출발,대한항공,KE1704,제주,청주,07:20,08:30,월+화+수+목+금+토+일,2024-07-01,2024-10-26,2024-06-19
출발,제주항공,7C102,제주,서울/김포,07:40,08:50,월+수+목+금+일,2024-03-31,2024-10-26,2024-06-19
출발,진에어,LJ452,제주,광주,07:45,08:40,월+화+수+금+토,2024-05-09,2024-09-29,2024-06-19
출발,진에어,LJ452,제주,광주,07:45,08:40,월+화+수+목+금+토+일,2024-09-30,2024-10-26,2024-06-19
출발,에어서울,RS902,제주,서울/김포,07:45,08:55,월+화+수+목+금+토+일,2024-05-27,2024-10-26,2024-06-19
출발,이스타항공,ZE702,제주,청주,07:50,09:00,월+화+수+목+금+토+일,2024-03-31,2024-10-26,2024-06-19
출발,아시아나항공,OZ8122,제주,대구,07:55,09:00,월+화+수+목+금+토+일,2024-03-31,2024-10-26,2024-06-19
출발,아시아나항공,OZ8904,제주,서울/김포,07:55,09:05,월+화+수+목+금+토+일,2024-03-31,2024-10-26,2024-06-19
출발,티웨이항공,TW702,제주,서울/김포,07:55,09:05,월+화+수+목+금+토+일,2024-03-31,2024-10-26,2024-06-19
출발,제주항공,7C522,제주,부산/김해,08:00,09:00,화+토,2024-03-31,2024-10-26,2024-06-19
출발,티웨이항공,TW802,제주,대구,08:00,08:55,수,2024-03-31,2024-10-26,2024-06-19
출발,진에어,LJ422,제주,대구,08:05,09:05,월+화+수+목+금+토+일,2024-03-31,2024-10-26,2024-06-19
출발,이스타항공,ZE202,제주,서울/김포,08:05,09:15,월+화+수+목+금+토+일,2024-06-05,2024-10-26,2024-06-19
출발,제주항공,7C852,제주,청주,08:10,09:20,월+화+수+목+금+토+일,2024-03-31,2024-10-26,2024-06-19
출발,제주항공,7C602,제주,광주,08:20,09:20,월+화+수+목+금+토+일,2024-03-31,2024-10-26,2024-06-19
출발,진에어,LJ502,제주,서울/김포,08:20,09:30,월+화+수+목+금+토+일,2024-03-31,2024-10-26,2024-06-19
출발,티웨이항공,TW814,제주,대구,08:20,09:20,월+화+수+목+금+토+일,2024-03-31,2024-10-26,2024-06-19
출발,티웨이항공,TW704,제주,서울/김포,08:25,09:35,수,2024-03-31,2024-10-26,2024-06-19
출발,티웨이항공,TW802,제주,대구,08:25,09:25,월+화+목+금+토+일,2024-03-31,2024-10-26,2024-06-19
출발,에어부산,BX8100,제주,부산/김해,08:30,09:30,월+화+수+목+금+토+일,2024-03-31,2024-06-30,2024-06-19
출발,에어부산,BX8100,제주,부산/김해,08:30,09:30,금,2024-07-01,2024-07-15,2024-06-19
출발,에어부산,BX8100,제주,부산/김해,08:30,09:30,화+수+목+토+일,2024-07-01,2024-07-15,2024-06-19
출발,에어부산,BX8100,제주,부산/김해,08:30,09:30,월,2024-07-01,2024-07-15,2024-06-19
출발,에어부산,BX8100,제주,부산/김해,08:30,09:30,월+화+수+목+금+토+일,2024-07-16,2024-10-26,2024-06-19
출발,아시아나항공,OZ8140,제주,광주,08:30,09:25,월+화+수+목+금+토+일,2024-03-31,2024-10-26,2024-06-19
출발,티웨이항공,TW9712,제주,서울/김포,08:35,09:50,토,2024-06-01,2024-06-25,2024-06-19
출발,이스타항공,ZE204,제주,서울/김포,08:35,09:45,월+화+수+목+금+토+일,2024-06-16,2024-06-30,2024-06-19
출발,이스타항공,ZE204,제주,서울/김포,08:35,09:45,월+화+수+목+금+토+일,2024-07-01,2024-10-26,2024-06-19
출발,이스타항공,ZE2871,제주,부산/김해,08:35,09:35,월+금,2024-06-28,2024-09-20,2024-06-19
출발,대한항공,KE1142,제주,서울/김포,08:40,09:55,월+화+수+목+금+토+일,2024-03-31,2024-10-26,2024-06-19
출발,티웨이항공,TW9712,제주,서울/김포,08:40,09:50,목,2024-06-01,2024-06-25,2024-06-19
출발,제주항공,7C104,제주,서울/김포,08:45,09:55,월+화+수+목+금+토+일,2024-03-31,2024-10-26,2024-06-19
출발,대한항공,KE1512,제주,부산/김해,08:45,09:45,월+화+수+목+금+토+일,2024-03-31,2024-06-30,2024-06-19
출발,대한항공,KE1512,제주,부산/김해,08:45,09:45,월+화+수+목+금+토+일,2024-07-01,2024-10-26,2024-06-19
출발,아시아나항공,OZ8912,제주,서울/김포,08:45,09:55,월+화+수+목+금+토+일,2024-06-11,2024-10-26,2024-06-19
출발,티웨이항공,TW706,제주,서울/김포,08:45,09:55,월+화+수+목+금+토+일,2024-07-10,2024-10-26,2024-06-19
출발,이스타항공,ZE206,제주,서울/김포,08:50,10:00,월+화+수+목+금+토+일,2024-04-21,2024-10-26,2024-06-19
출발,에어부산,BX8026,제주,서울/김포,08:55,10:15,월+화+수+목+금+토+일,2024-03-31,2024-10-26,2024-06-19
출발,대한항공,KE1150,제주,서울/김포,09:00,10:10,월+수+금+일,2024-03-31,2024-10-26,2024-06-19
출발,대한항공,KE1708,제주,청주,09:00,10:10,화+목+토,2024-03-31,2024-10-26,2024-06-19
출발,티웨이항공,TW706,제주,서울/김포,09:00,10:10,월+화+수+목+금+토+일,2024-06-01,2024-06-30,2024-06-19
출발,티웨이항공,TW706,제주,서울/김포,09:00,10:10,월+화+수+목+금+토+일,2024-07-01,2024-07-09,2024-06-19
출발,진에어,LJ472,제주,원주,09:05,10:20,월+화+수+목+금+토+일,2024-03-31,2024-10-26,2024-06-19
출발,아시아나항공,OZ8946,제주,서울/김포,09:05,10:20,토,2024-06-22,2024-06-29,2024-06-19
출발,티웨이항공,TW9712,제주,서울/김포,09:05,10:15,수,2024-06-01,2024-06-25,2024-06-19
출발,에어부산,BX8106,제주,부산/김해,09:10,10:20,월+화+수+목+금+토+일,2024-03-31,2024-10-26,2024-06-19
출발,대한항공,KE1608,제주,광주,09:10,10:05,월+화+수+목+금+토+일,2024-03-31,2024-10-26,2024-06-19
출발,에어부산,BX8040,제주,서울/김포,09:20,10:35,월+금+일,2024-03-31,2024-10-26,2024-06-19
출발,진에어,LJ504,제주,서울/김포,09:20,10:30,월+화+수+목+금+토+일,2024-03-31,2024-10-26,2024-06-19
출발,아시아나항공,OZ8914,제주,서울/김포,09:20,10:30,월+화+수+목+금+토+일,2024-06-01,2024-06-25,2024-06-19
출발,아시아나항공,OZ8914,제주,서울/김포,09:20,10:30,월+화+수+목+금+토+일,2024-06-26,2024-10-26,2024-06-19
출발,대한항공,KE1570,제주,대구,09:25,10:35,월+화+수+목+금+토+일,2024-03-31,2024-10-26,2024-06-19
출발,에어부산,BX8102,제주,부산/김해,09:30,10:30,월+일,2024-03-31,2024-10-26,2024-06-19
출발,에어부산,BX8102,제주,부산/김해,09:30,10:30,화+금,2024-03-31,2024-10-26,2024-06-19
출발,진에어,LJ402,제주,청주,09:30,10:35,월+화+수+목+금+토+일,2024-03-31,2024-10-26,2024-06-19
출발,이스타항공,ZE302,제주,군산,09:30,10:30,월+화+수+목+금+토+일,2024-03-31,2024-10-26,2024-06-19
출발,제주항공,7C802,제주,청주,09:35,10:40,월+화+수+목+금+토+일,2024-03-31,2024-10-26,2024-06-19
출발,에어부산,BX8040,제주,서울/김포,09:40,10:55,화+수+목+토,2024-03-31,2024-10-26,2024-06-19
출발,제주항공,7C106,제주,서울/김포,09:45,10:55,월+화+수+목+금+토+일,2024-03-31,2024-10-26,2024-06-19
출발,에어부산,BX8136,제주,부산/김해,09:45,10:50,월+화+수+목+금+토+일,2024-03-31,2024-10-26,2024-06-19
출발,티웨이항공,TW708,제주,서울/김포,09:50,11:00,월+화+수+목+금+토+일,2024-03-31,2024-10-26,2024-06-19
출발,이스타항공,ZE208,제주,서울/김포,09:50,11:00,월+화+수+목+금+토+일,2024-06-16,2024-10-26,2024-06-19
출발,대한항공,KE1166,제주,서울/김포,10:00,11:15,월+화+수+목+금+토+일,2024-03-31,2024-10-26,2024-06-19
출발,에어부산,BX8102,제주,부산/김해,10:05,11:05,수+목+토,2024-03-31,2024-10-26,2024-06-19
출발,제주항공,7C108,제주,서울/김포,10:10,11:20,월+화+수+목+금+토+일,2024-03-31,2024-10-26,2024-06-19
출발,아시아나항공,OZ8196,제주,여수,10:15,11:05,월+화+수+목+금+토+일,2024-03-31,2024-10-26,2024-06-19
출발,이스타항공,ZE710,제주,청주,10:15,11:20,월+금,2024-07-01,2024-07-12,2024-06-19
출발,아시아나항공,OZ8920,제주,서울/김포,10:20,11:35,월+화+수+목+금+토+일,2024-03-31,2024-10-26,2024-06-19
출발,에어로케이항공,RF602,제주,청주,10:20,11:25,월+화+수+목+금+토+일,2024-03-31,2024-10-26,2024-06-19
출발,대한항공,KE1174,제주,서울/김포,10:25,11:40,월+화+수+목+금+토+일,2024-03-31,2024-10-26,2024-06-19
출발,진에어,LJ562,제주,부산/김해,10:30,11:30,월+화+수+목+금+토+일,2024-03-31,2024-10-26,2024-06-19
출발,아시아나항공,OZ8946,제주,서울/김포,10:30,11:45,목,2024-06-20,2024-06-27,2024-06-19
출발,티웨이항공,TW902,제주,광주,10:35,11:30,월+화+수+목+금+토+일,2024-03-31,2024-10-26,2024-06-19
출발,에어부산,BX8104,제주,부산/김해,10:40,11:40,화+금,2024-03-31,2024-10-26,2024-06-19
출발,티웨이항공,TW9872,제주,청주,10:40,11:50,목+토+일,2024-06-01,2024-06-30,2024-06-19
출발,제주항공,7C504,제주,부산/김해,10:45,11:45,월+화+수+목+금+토+일,2024-03-31,2024-10-26,2024-06-19
출발,제주항공,7C110,제주,서울/김포,10:50,12:00,월+화+수+목+금+토+일,2024-03-31,2024-10-26,2024-06-19
출발,대한항공,KE1178,제주,서울/김포,10:50,12:05,월+화+수+목+금+토+일,2024-06-01,2024-10-26,2024-06-19
출발,진에어,LJ440,제주,울산,10:50,11:55,월+화+수+목+금+토+일,2024-03-31,2024-10-26,2024-06-19
출발,티웨이항공,TW9874,제주,청주,10:55,12:05,토,2024-06-01,2024-06-30,2024-06-19
출발,진에어,LJ464,제주,군산,11:00,12:00,월+화+수+목+금+토+일,2024-03-31,2024-10-26,2024-06-19
출발,티웨이항공,TW9874,제주,청주,11:00,12:05,화,2024-06-01,2024-06-30,2024-06-19
출발,티웨이항공,TW710,제주,서울/김포,11:05,12:15,월+화+수+목+금+토+일,2024-03-31,2024-10-26,2024-06-19
출발,제주항공,7C112,제주,서울/김포,11:15,12:25,월+수+목+금+일,2024-03-31,2024-10-26,2024-06-19
출발,대한항공,KE1184,제주,서울/김포,11:15,12:25,월+화+수+목+금+토+일,2024-03-31,2024-06-30,2024-06-19
출발,대한항공,KE1184,제주,서울/김포,11:15,12:25,월+화+수+목+금+토+일,2024-07-01,2024-10-26,2024-06-19
출발,아시아나항공,OZ8232,제주,청주,11:15,12:20,월+화+수+목+금+토+일,2024-03-31,2024-10-26,2024-06-19
출발,아시아나항공,OZ8142,제주,광주,11:20,12:15,월+화+수+목+금+토+일,2024-03-31,2024-10-26,2024-06-19
출발,제주항공,7C592,제주,부산/김해,11:30,12:30,목,2024-06-13,2024-06-27,2024-06-19
출발,대한항공,KE1188,제주,서울/김포,11:30,12:40,월+화+수+목+금+토+일,2024-03-31,2024-10-26,2024-06-19
출발,아시아나항공,OZ8946,제주,서울/김포,11:30,12:45,화,2024-06-25,2024-06-25,2024-06-19
출발,에어서울,RS904,제주,서울/김포,11:30,12:40,토,2024-05-27,2024-06-29,2024-06-19
출발,에어서울,RS904,제주,서울/김포,11:30,12:40,월+화+수,2024-05-27,2024-10-23,2024-06-19
출발,에어서울,RS904,제주,서울/김포,11:30,12:45,토,2024-07-06,2024-10-26,2024-06-19
출발,티웨이항공,TW9874,제주,청주,11:30,12:35,금,2024-06-01,2024-06-30,2024-06-19
출발,티웨이항공,TW9874,제주,청주,11:30,12:40,목+일,2024-06-01,2024-06-30,2024-06-19
출발,대한항공,KE1610,제주,광주,11:35,12:30,월+금+토+일,2024-06-19,2024-07-18,2024-06-19
출발,대한항공,KE1610,제주,광주,11:35,12:30,월+화+수+목+금+토+일,2024-07-19,2024-10-26,2024-06-19
출발,에어서울,RS904,제주,서울/김포,11:35,12:45,목+금+일,2024-05-27,2024-10-25,2024-06-19
출발,티웨이항공,TW712,제주,서울/김포,11:35,12:45,월+화+수+목+금+토+일,2024-03-31,2024-10-26,2024-06-19
출발,티웨이항공,TW9874,제주,청주,11:35,12:40,월,2024-04-15,2024-06-30,2024-06-19
출발,티웨이항공,TW9874,제주,청주,11:35,12:40,수,2024-06-01,2024-06-30,2024-06-19
출발,제주항공,7C114,제주,서울/김포,11:40,12:50,월+화+수+목+금+토+일,2024-03-31,2024-10-26,2024-06-19
출발,티웨이항공,TW714,제주,서울/김포,11:40,12:50,화+토,2024-03-31,2024-10-26,2024-06-19
출발,이스타항공,ZE210,제주,서울/김포,11:45,12:55,월+화+수+목+금+토+일,2024-05-01,2024-10-26,2024-06-19
출발,제주항공,7C116,제주,서울/김포,11:50,13:00,월+화+수+목+금+토+일,2024-03-31,2024-10-26,2024-06-19
출발,진에어,LJ424,제주,대구,12:00,13:05,월+화+수+목+금+토+일,2024-03-31,2024-10-26,2024-06-19
출발,아시아나항공,OZ8922,제주,서울/김포,12:10,13:25,월+화+수+목+금+토+일,2024-03-31,2024-10-26,2024-06-19
출발,대한항공,KE1636,제주,여수,12:15,13:15,월+화+수+목+금+토+일,2024-03-31,2024-10-26,2024-06-19
출발,대한항공,KE1712,제주,청주,12:15,13:25,월+화+수+목+금+토+일,2024-03-31,2024-06-30,2024-06-19
출발,대한항공,KE1712,제주,청주,12:15,13:25,월+화+수+목+금+토+일,2024-07-01,2024-10-26,2024-06-19
출발,티웨이항공,TW716,제주,서울/김포,12:15,13:25,화+목+토,2024-03-31,2024-10-26,2024-06-19
출발,제주항공,7C118,제주,서울/김포,12:20,13:30,월+화+수+목+금+토+일,2024-03-31,2024-10-26,2024-06-19
출발,대한항공,KE1200,제주,서울/김포,12:25,13:35,월+화+수+목+금+토+일,2024-03-31,2024-10-26,2024-06-19
출발,진에어,LJ436,제주,포항/포항경주,12:25,13:30,월+화+수+목+금+토+일,2024-03-31,2024-10-26,2024-06-19
출발,진에어,LJ506,제주,서울/김포,12:30,13:40,월+화+수+목+금+토+일,2024-03-31,2024-10-26,2024-06-19
출발,대한항공,KE1596,제주,울산,12:35,13:45,월+화+수+목+금+토+일,2024-03-31,2024-10-26,2024-06-19
출발,아시아나항공,OZ8924,제주,서울/김포,12:35,13:45,월+화+수+목+금+토+일,2024-06-11,2024-10-26,2024-06-19
출발,티웨이항공,TW718,제주,서울/김포,12:40,13:50,월+목+금+일,2024-03-31,2024-10-26,2024-06-19
출발,티웨이항공,TW718,제주,서울/김포,12:45,13:55,수,2024-03-31,2024-10-26,2024-06-19
출발,이스타항공,ZE212,제주,서울/김포,12:45,13:55,월+화+수+목+금+토+일,2024-03-31,2024-10-26,2024-06-19
출발,이스타항공,ZE708,제주,청주,12:55,14:00,일,2024-07-07,2024-10-20,2024-06-19
출발,제주항공,7C506,제주,부산/김해,13:00,14:00,월+화+수+목+금+토+일,2024-03-31,2024-10-26,2024-06-19
출발,대한항공,KE1614,제주,광주,13:00,13:55,월+화+수+목+금+토+일,2024-03-31,2024-10-26,2024-06-19
출발,진에어,LJ564,제주,부산/김해,13:00,14:00,월+화+수+목+금+토+일,2024-03-31,2024-10-26,2024-06-19
출발,이스타항공,ZE214,제주,서울/김포,13:00,14:10,월+화+수+목+금+토+일,2024-04-21,2024-10-26,2024-06-19
출발,에어부산,BX8028,제주,서울/김포,13:10,14:25,월+화+수+목+금+토+일,2024-03-31,2024-10-26,2024-06-19
출발,아시아나항공,OZ8144,제주,광주,13:10,14:05,월+화+수+목+금+토+일,2024-07-01,2024-10-26,2024-06-19
출발,아시아나항공,OZ8932,제주,서울/김포,13:10,14:25,월+화+수+목+금+토+일,2024-03-31,2024-10-26,2024-06-19
출발,에어부산,BX8182,제주,부산/김해,13:15,14:20,월+화+수+목+금+토+일,2024-06-01,2024-10-26,2024-06-19
출발,대한항공,KE1218,제주,서울/김포,13:15,14:30,월+화+목+토,2024-03-31,2024-10-26,2024-06-19
출발,진에어,LJ508,제주,서울/김포,13:15,14:25,월+화+수+목+금+토+일,2024-03-31,2024-10-26,2024-06-19
출발,에어부산,BX8108,제주,부산/김해,13:20,14:25,월+화+수+목+금+토+일,2024-03-31,2024-10-26,2024-06-19
출발,대한항공,KE1586,제주,진주/사천,13:20,14:20,수+금+일,2024-03-31,2024-10-26,2024-06-19
출발,제주항공,7C120,제주,서울/김포,13:25,14:35,월+화+수+목+금+토+일,2024-03-31,2024-10-26,2024-06-19
출발,아시아나항공,OZ8144,제주,광주,13:25,14:20,월+화+수+목+금+토+일,2024-06-11,2024-06-30,2024-06-19
출발,티웨이항공,TW720,제주,서울/김포,13:30,14:40,월+화+수+목+금+토+일,2024-06-01,2024-06-30,2024-06-19
출발,티웨이항공,TW720,제주,서울/김포,13:30,14:40,월+화+수+목+금+토+일,2024-07-01,2024-07-09,2024-06-19
출발,티웨이항공,TW720,제주,서울/김포,13:30,14:40,월+화+수+목+금+토+일,2024-07-10,2024-10-26,2024-06-19
출발,이스타항공,ZE216,제주,서울/김포,13:30,14:40,월+화+수+목+금+토+일,2024-06-16,2024-10-26,2024-06-19
출발,티웨이항공,TW904,제주,광주,13:35,14:25,월+화+수+목+금+토+일,2024-03-31,2024-10-26,2024-06-19
출발,티웨이항공,TW9714,제주,서울/김포,13:40,14:50,월+수+금+토+일,2024-06-01,2024-06-25,2024-06-19
출발,티웨이항공,TW9714,제주,서울/김포,13:40,14:50,수+목+금+토+일,2024-06-26,2024-06-30,2024-06-19
출발,대한항공,KE1226,제주,서울/김포,13:45,14:55,월+화+수+목+금+토+일,2024-03-31,2024-10-26,2024-06-19
출발,진에어,LJ426,제주,대구,13:55,15:00,월+화+수+목+금+토+일,2024-03-31,2024-10-26,2024-06-19
출발,진에어,LJ454,제주,광주,13:55,14:55,월+화+수+목+금+토+일,2024-03-31,2024-10-26,2024-06-19
출발,제주항공,7C122,제주,서울/김포,14:00,15:10,월+화+수+목+금+토+일,2024-03-31,2024-10-26,2024-06-19
출발,아시아나항공,OZ8936,제주,서울/김포,14:00,15:15,월+화+수+목+금+토+일,2024-06-01,2024-06-25,2024-06-19
출발,아시아나항공,OZ8936,제주,서울/김포,14:00,15:15,월+화+수+목+금+토+일,2024-06-26,2024-10-26,2024-06-19
출발,제주항공,7C508,제주,부산/김해,14:05,15:05,월+화+수+목+금+토+일,2024-03-31,2024-10-26,2024-06-19
출발,티웨이항공,TW9714,제주,서울/김포,14:05,15:15,목,2024-06-01,2024-06-25,2024-06-19
출발,아시아나항공,OZ8944,제주,서울/김포,14:10,15:20,월+화+수+목+금+토+일,2024-03-31,2024-10-26,2024-06-19
출발,진에어,LJ406,제주,청주,14:15,15:25,월+화+수+목+금+토+일,2024-03-31,2024-10-26,2024-06-19
출발,제주항공,7C704,제주,대구,14:20,15:30,월+화+수+목+금+토+일,2024-03-31,2024-10-26,2024-06-19
출발,아시아나항공,OZ8948,제주,서울/김포,14:25,15:35,월+화+수+목+금+토+일,2024-03-31,2024-10-26,2024-06-19
출발,이스타항공,ZE708,제주,청주,14:30,15:40,월+수+목+금,2024-07-01,2024-09-13,2024-06-19
출발,이스타항공,ZE708,제주,청주,14:30,15:40,월+화+수+목+금+토,2024-09-16,2024-10-26,2024-06-19
출발,아시아나항공,OZ8198,제주,여수,14:35,15:25,월+화+수+목+금+토+일,2024-03-31,2024-10-26,2024-06-19
출발,이스타항공,ZE708,제주,청주,14:35,15:40,월+화+수+목+금+토+일,2024-04-15,2024-06-30,2024-06-19
출발,대한항공,KE1238,제주,서울/김포,14:40,15:50,월+화+수+목+금+토+일,2024-06-01,2024-10-26,2024-06-19
출발,티웨이항공,TW9876,제주,청주,14:40,15:45,화+목+토+일,2024-06-01,2024-06-30,2024-06-19
출발,아시아나항공,OZ8934,제주,서울/김포,14:45,16:00,목,2024-06-20,2024-06-27,2024-06-19
출발,티웨이항공,TW906,제주,광주,14:45,15:40,월+화+수+목+금+토+일,2024-03-31,2024-10-26,2024-06-19
출발,이스타항공,ZE218,제주,서울/김포,14:45,15:55,월+수+금+일,2024-06-01,2024-06-30,2024-06-19
출발,이스타항공,ZE218,제주,서울/김포,14:45,15:55,월+수+금+일,2024-07-01,2024-10-26,2024-06-19
출발,대한항공,KE1538,제주,부산/김해,14:50,15:55,월+화+수+목+금+토+일,2024-03-31,2024-10-26,2024-06-19
출발,진에어,LJ456,제주,광주,14:55,15:50,월+화+수+목+금+토+일,2024-03-31,2024-10-26,2024-06-19
출발,제주항공,7C124,제주,서울/김포,15:00,16:10,월+수+목+금+일,2024-03-31,2024-10-26,2024-06-19
출발,에어부산,BX8110,제주,부산/김해,15:00,16:10,월+화+수+목+금+토+일,2024-03-31,2024-10-26,2024-06-19
출발,대한항공,KE1246,제주,서울/김포,15:00,16:10,월+화+수+목+금+토+일,2024-03-31,2024-10-26,2024-06-19
출발,티웨이항공,TW874,제주,청주,15:05,16:10,월+화+수+목+금+토+일,2024-03-31,2024-10-26,2024-06-19
출발,아시아나항공,OZ8234,제주,청주,15:10,16:20,월+화+수+목+금+토+일,2024-03-31,2024-10-26,2024-06-19
출발,아시아나항공,OZ8950,제주,서울/김포,15:10,16:20,월+화+수+목+금+토+일,2024-03-31,2024-10-26,2024-06-19
출발,티웨이항공,TW9722,제주,서울/김포,15:15,16:25,월+수+금,2024-06-01,2024-06-30,2024-06-19
출발,제주항공,7C510,제주,부산/김해,15:20,16:20,월+화+수+목+금+토+일,2024-03-31,2024-10-26,2024-06-19
출발,대한항공,KE1722,제주,청주,15:20,16:30,월+화+수+목+금+토+일,2024-03-31,2024-06-30,2024-06-19
출발,대한항공,KE1722,제주,청주,15:20,16:30,월+화+수+목+금+토+일,2024-07-01,2024-10-26,2024-06-19
출발,진에어,LJ474,제주,원주,15:20,16:35,월+화+수+목+금+토+일,2024-03-31,2024-10-26,2024-06-19
출발,진에어,LJ462,제주,여수,15:25,16:20,월+화+수+목+금+토+일,2024-03-31,2024-10-26,2024-06-19
출발,에어서울,RS906,제주,서울/김포,15:30,16:40,월+화+수+목+금+토+일,2024-05-27,2024-10-26,2024-06-19
출발,이스타항공,ZE220,제주,서울/김포,15:30,16:40,월+화+수+목+금+토+일,2024-05-28,2024-10-26,2024-06-19
출발,아시아나항공,OZ8934,제주,서울/김포,15:35,16:50,월,2024-06-24,2024-06-24,2024-06-19
출발,티웨이항공,TW9722,제주,서울/김포,15:35,16:45,화+목+토+일,2024-06-01,2024-06-30,2024-06-19
출발,진에어,LJ408,제주,청주,15:45,16:50,월+화+수+목+금+토+일,2024-03-31,2024-10-26,2024-06-19
출발,대한항공,KE1254,제주,서울/김포,15:50,17:00,월+화+수+목+금+토+일,2024-03-31,2024-10-26,2024-06-19
출발,티웨이항공,TW724,제주,서울/김포,15:50,17:00,화+목+토,2024-03-31,2024-10-26,2024-06-19
출발,아시아나항공,OZ8956,제주,서울/김포,15:55,17:10,월+화+수+목+금+토+일,2024-03-31,2024-10-26,2024-06-19
출발,진에어,LJ570,제주,부산/김해,16:00,17:05,월+화+수+목+금+토+일,2024-03-31,2024-06-30,2024-06-19
출발,진에어,LJ570,제주,부산/김해,16:00,17:05,월+화+수+목+토,2024-07-01,2024-10-26,2024-06-19
출발,진에어,LJ570,제주,부산/김해,16:05,17:05,금+일,2024-07-01,2024-10-26,2024-06-19
출발,대한항공,KE1264,제주,서울/김포,16:10,17:25,월+화+수+목+금+토+일,2024-03-31,2024-10-26,2024-06-19
출발,대한항공,KE1620,제주,광주,16:10,17:05,월+화+수+목+금+토+일,2024-03-31,2024-10-26,2024-06-19
출발,에어부산,BX8010,제주,서울/김포,16:15,17:30,월+화+수+목+금+토+일,2024-03-31,2024-10-26,2024-06-19
출발,티웨이항공,TW726,제주,서울/김포,16:20,17:30,월+화+수+목+금+토+일,2024-03-31,2024-10-26,2024-06-19
출발,제주항공,7C126,제주,서울/김포,16:25,17:35,월+화+수+목+금+토+일,2024-03-31,2024-10-26,2024-06-19
출발,이스타항공,ZE304,제주,군산,16:25,17:25,월+화+수+목+금+토+일,2024-03-31,2024-10-26,2024-06-19
출발,에어부산,BX8112,제주,부산/김해,16:30,17:35,월+화+수+목+금+토+일,2024-03-31,2024-10-26,2024-06-19
출발,대한항공,KE1266,제주,서울/김포,16:30,17:40,월+화+수+목+금+토+일,2024-03-31,2024-10-26,2024-06-19
출발,진에어,LJ428,제주,대구,16:30,17:35,월+화+수+목+금+토+일,2024-03-31,2024-07-04,2024-06-19
출발,진에어,LJ428,제주,대구,16:30,17:35,월+화+수+목+토,2024-07-05,2024-10-26,2024-06-19
출발,진에어,LJ428,제주,대구,16:35,17:40,금+일,2024-07-05,2024-10-26,2024-06-19
출발,아시아나항공,OZ8146,제주,광주,16:35,17:25,월+화+수+목+금+토+일,2024-03-31,2024-10-26,2024-06-19
출발,아시아나항공,OZ8962,제주,서울/김포,16:40,17:50,월+화+수+목+금+토+일,2024-09-01,2024-10-26,2024-06-19
출발,에어로케이항공,RF610,제주,청주,16:40,17:45,월+화+수+목+금+토+일,2024-03-31,2024-10-26,2024-06-19
출발,대한항공,KE1576,제주,대구,16:45,17:55,월+화+수+목+금+토+일,2024-03-31,2024-10-26,2024-06-19
출발,제주항공,7C606,제주,광주,16:50,17:45,월+화+수+목+금+토+일,2024-03-31,2024-10-26,2024-06-19
출발,아시아나항공,OZ8964,제주,서울/김포,16:55,18:05,월+화+수+목+금+토+일,2024-03-31,2024-10-26,2024-06-19
출발,대한항공,KE1278,제주,서울/김포,17:00,18:15,월+화+수+목+금+토+일,2024-03-31,2024-10-26,2024-06-19
출발,아시아나항공,OZ8970,제주,서울/김포,17:00,18:15,월+화+수+목+금+토+일,2024-03-31,2024-10-26,2024-06-19
출발,에어부산,BX8020,제주,서울/김포,17:05,18:20,화+금,2024-03-31,2024-10-26,2024-06-19
출발,티웨이항공,TW728,제주,서울/김포,17:05,18:15,월+화+수+목+금+토+일,2024-07-10,2024-10-26,2024-06-19
출발,제주항공,7C856,제주,청주,17:10,18:20,월+화+수+목+금+토+일,2024-03-31,2024-10-26,2024-06-19
출발,에어부산,BX8132,제주,부산/김해,17:10,18:20,월+수+목+토+일,2024-03-31,2024-10-26,2024-06-19
출발,진에어,LJ510,제주,서울/김포,17:10,18:20,월+화+수+목+금+토+일,2024-03-31,2024-10-26,2024-06-19
출발,티웨이항공,TW9716,제주,서울/김포,17:15,18:25,월+화+금,2024-06-01,2024-06-24,2024-06-19
출발,제주항공,7C128,제주,서울/김포,17:20,18:30,월+화+수+목+금+토+일,2024-03-31,2024-10-26,2024-06-19
출발,대한항공,KE1286,제주,서울/김포,17:20,18:30,월+화+수+목+금+토+일,2024-05-13,2024-10-26,2024-06-19
출발,대한항공,KE1546,제주,부산/김해,17:20,18:20,월+화+수+목+금+토+일,2024-03-31,2024-06-30,2024-06-19
출발,대한항공,KE1546,제주,부산/김해,17:20,18:20,월+화+수+목+금+토+일,2024-07-01,2024-10-26,2024-06-19
출발,진에어,LJ410,제주,청주,17:25,18:35,월+화+수+목+금+토+일,2024-03-31,2024-10-26,2024-06-19
출발,진에어,LJ566,제주,부산/김해,17:25,18:25,월+화+수+목+금+토+일,2024-03-31,2024-10-26,2024-06-19
출발,아시아나항공,OZ8126,제주,대구,17:25,18:30,월+화+수+목+금+토+일,2024-03-31,2024-10-26,2024-06-19
출발,제주항공,7C854,제주,청주,17:30,18:40,월+화+수+목+금+토+일,2024-03-31,2024-10-26,2024-06-19
출발,티웨이항공,TW9716,제주,서울/김포,17:35,18:45,수+목+금+일,2024-06-26,2024-06-30,2024-06-19
출발,이스타항공,ZE222,제주,서울/김포,17:35,18:45,월+화+수+목+금+토+일,2024-06-16,2024-10-26,2024-06-19
출발,티웨이항공,TW728,제주,서울/김포,17:40,18:50,월+화+수+목+금+토+일,2024-06-01,2024-06-30,2024-06-19
출발,티웨이항공,TW728,제주,서울/김포,17:40,18:50,월+화+수+목+금+토+일,2024-07-01,2024-07-09,2024-06-19
출발,제주항공,7C706,제주,대구,17:45,18:55,월+화+수+목+금+토+일,2024-03-31,2024-10-26,2024-06-19
출발,진에어,LJ512,제주,서울/김포,17:50,19:00,월+화+수+목+금+토+일,2024-03-31,2024-10-26,2024-06-19
출발,제주항공,7C130,제주,서울/김포,17:55,19:05,월+화+수+목+금+토+일,2024-03-31,2024-10-26,2024-06-19
출발,이스타항공,ZE224,제주,서울/김포,18:00,19:10,월+화+수+목+금+토+일,2024-03-31,2024-10-26,2024-06-19
출발,티웨이항공,TW806,제주,대구,18:05,19:05,월+화+수+목+금+토+일,2024-03-31,2024-10-26,2024-06-19
출발,티웨이항공,TW876,제주,청주,18:05,19:10,월+화+수+금+토+일,2024-03-31,2024-10-26,2024-06-19
출발,티웨이항공,TW876,제주,청주,18:05,19:10,목,2024-04-15,2024-06-30,2024-06-19
출발,티웨이항공,TW908,제주,광주,18:10,19:05,월+화+수+목+금+토+일,2024-03-31,2024-10-26,2024-06-19
출발,진에어,LJ458,제주,광주,18:15,19:10,월+화+목+금+일,2024-05-08,2024-09-28,2024-06-19
출발,진에어,LJ458,제주,광주,18:15,19:10,월+화+수+목+금+토+일,2024-09-29,2024-10-26,2024-06-19
출발,대한항공,KE1294,제주,서울/김포,18:20,19:30,월+화+수+목+금+토+일,2024-06-01,2024-10-26,2024-06-19
출발,대한항공,KE1550,제주,부산/김해,18:20,19:20,월+화+수+목+금+토+일,2024-03-31,2024-10-26,2024-06-19
출발,진에어,LJ468,제주,무안,18:25,19:20,수+토,2024-05-08,2024-09-28,2024-06-19
출발,이스타항공,ZE226,제주,서울/김포,18:25,19:35,월+수+금+일,2024-06-01,2024-06-30,2024-06-19
출발,이스타항공,ZE226,제주,서울/김포,18:25,19:35,월+수+금+일,2024-07-01,2024-10-26,2024-06-19
출발,티웨이항공,TW818,제주,대구,18:30,19:30,화+수+목+토+일,2024-03-31,2024-10-26,2024-06-19
출발,제주항공,7C312,제주,무안,18:35,19:35,목,2024-06-13,2024-06-27,2024-06-19
출발,제주항공,7C514,제주,부산/김해,18:35,19:35,월+화+수+목+금+토+일,2024-03-31,2024-10-26,2024-06-19
출발,에어부산,BX8116,제주,부산/김해,18:35,19:35,월+화+수+목+금+토+일,2024-03-31,2024-10-26,2024-06-19
출발,티웨이항공,TW818,제주,대구,18:35,19:40,월+금,2024-06-17,2024-06-30,2024-06-19
출발,제주항공,7C132,제주,서울/김포,18:40,19:50,월+화+수+목+금+토+일,2024-03-31,2024-10-26,2024-06-19
출발,에어부산,BX8172,제주,부산/김해,18:40,19:40,월+토,2024-03-31,2024-10-26,2024-06-19
출발,이스타항공,ZE704,제주,청주,18:45,19:50,월+화+수+목+금+토+일,2024-03-31,2024-10-26,2024-06-19
출발,아시아나항공,OZ8972,제주,서울/김포,18:50,20:05,월+화+수+목+금+토+일,2024-06-01,2024-06-25,2024-06-19
출발,아시아나항공,OZ8972,제주,서울/김포,18:50,20:05,월+화+수+목+금+토+일,2024-06-26,2024-10-26,2024-06-19
출발,제주항공,7C312,제주,무안,18:55,19:55,수+일,2024-04-24,2024-10-16,2024-06-19
출발,아시아나항공,OZ8980,제주,서울/김포,19:00,20:15,월+화+수+목+금+토+일,2024-03-31,2024-10-26,2024-06-19
출발,대한항공,KE1312,제주,서울/김포,19:05,20:15,월+화+수+목+금+토+일,2024-03-31,2024-10-26,2024-06-19
출발,진에어,LJ438,제주,포항/포항경주,19:05,20:10,월+화+수+목+금+토+일,2024-03-31,2024-10-26,2024-06-19
출발,티웨이항공,TW808,제주,대구,19:10,20:10,월+화+수+목+금+토+일,2024-03-31,2024-10-26,2024-06-19
출발,에어부산,BX8012,제주,서울/김포,19:15,20:35,월+화+금,2024-03-31,2024-10-26,2024-06-19
출발,에어부산,BX8134,제주,부산/김해,19:15,20:15,수+토,2024-03-31,2024-10-26,2024-06-19
출발,대한항공,KE1554,제주,부산/김해,19:15,20:15,월+화+수+목+금+토+일,2024-03-31,2024-06-30,2024-06-19
출발,대한항공,KE1554,제주,부산/김해,19:15,20:15,월+화+수+목+금+토+일,2024-07-01,2024-10-26,2024-06-19
출발,진에어,LJ568,제주,부산/김해,19:15,20:15,월+화+수+목+금+토+일,2024-03-31,2024-10-26,2024-06-19
출발,티웨이항공,TW730,제주,서울/김포,19:25,20:35,화+목+토,2024-03-31,2024-10-26,2024-06-19
출발,에어부산,BX8018,제주,서울/김포,19:30,20:50,금,2024-03-31,2024-10-26,2024-06-19
출발,아시아나항공,OZ8938,제주,서울/김포,19:30,20:45,금+일,2024-06-21,2024-06-30,2024-06-19
출발,아시아나항공,OZ8982,제주,서울/김포,19:30,20:45,월+화+수+목+금+토+일,2024-03-31,2024-10-26,2024-06-19
출발,에어부산,BX8018,제주,서울/김포,19:35,20:55,월+화+수+목+토+일,2024-03-31,2024-10-26,2024-06-19
출발,에어부산,BX8138,제주,부산/김해,19:35,20:35,월+화+수+목+토+일,2024-03-31,2024-10-26,2024-06-19
출발,대한항공,KE1320,제주,서울/김포,19:35,20:45,월+화+수+목+금+토+일,2024-03-31,2024-10-26,2024-06-19
출발,이스타항공,ZE228,제주,서울/김포,19:45,20:55,월+화+수+목+금+토+일,2024-03-31,2024-10-26,2024-06-19
출발,대한항공,KE1324,제주,서울/김포,19:50,21:00,월+화+수+목+금+토+일,2024-03-31,2024-10-26,2024-06-19
출발,아시아나항공,OZ8986,제주,서울/김포,19:50,21:05,월+화+수+목+금+토+일,2024-03-31,2024-10-26,2024-06-19
출발,에어부산,BX8138,제주,부산/김해,19:55,21:00,금,2024-03-31,2024-10-26,2024-06-19
출발,티웨이항공,TW732,제주,서울/김포,19:55,21:05,월+화+수+목+금+토+일,2024-03-31,2024-10-26,2024-06-19
출발,제주항공,7C134,제주,서울/김포,20:00,21:10,월+화+수+목+금+토+일,2024-03-31,2024-10-26,2024-06-19
출발,에어부산,BX8024,제주,서울/김포,20:00,21:20,월+목,2024-03-31,2024-10-26,2024-06-19
출발,에어부산,BX8118,제주,부산/김해,20:00,21:05,화+수+금+토+일,2024-03-31,2024-10-26,2024-06-19
출발,제주항공,7C516,제주,부산/김해,20:05,21:00,월+화+수+목+금+토+일,2024-03-31,2024-10-26,2024-06-19
출발,에어서울,RS908,제주,서울/김포,20:05,21:15,월+화+수+목+금+토+일,2024-05-27,2024-10-26,2024-06-19
출발,대한항공,KE1326,제주,서울/김포,20:20,21:30,월+화+수+목+금+토+일,2024-03-31,2024-10-26,2024-06-19
출발,대한항공,KE1558,제주,부산/김해,20:20,21:20,수+금,2024-07-19,2024-10-26,2024-06-19
출발,티웨이항공,TW734,제주,서울/김포,20:20,21:30,월+수+금+일,2024-03-31,2024-10-26,2024-06-19
출발,이스타항공,ZE230,제주,서울/김포,20:25,21:35,월+화+수+목+금+토+일,2024-06-05,2024-10-26,2024-06-19
출발,대한항공,KE1330,제주,서울/김포,20:30,21:40,월+화+수+목+금+토+일,2024-03-31,2024-10-26,2024-06-19
출발,아시아나항공,OZ8992,제주,서울/김포,20:35,21:45,월+화+수+목+금+토+일,2024-06-11,2024-10-26,2024-06-19
출발,대한항공,KE1558,제주,부산/김해,20:40,21:40,일,2024-07-19,2024-10-26,2024-06-19
출발,이스타항공,ZE712,제주,청주,20:40,21:45,수+일,2024-07-14,2024-07-17,2024-06-19
출발,아시아나항공,OZ8994,제주,서울/김포,20:45,22:00,월+화+수+목+금+토+일,2024-09-01,2024-10-26,2024-06-19
출발,티웨이항공,TW734,제주,서울/김포,20:45,21:55,화+목+토,2024-03-31,2024-10-26,2024-06-19
출발,제주항공,7C136,제주,서울/김포,20:50,22:00,월+화+수+목+금+토+일,2024-03-31,2024-10-26,2024-06-19
출발,아시아나항공,OZ8996,제주,서울/김포,20:50,22:05,월+화+수+목+금+토+일,2024-03-31,2024-10-26,2024-06-19
출발,대한항공,KE1336,제주,서울/김포,20:55,22:05,월+화+수+목+금+토+일,2024-03-31,2024-10-26,2024-06-19
출발,아시아나항공,OZ8236,제주,청주,20:55,22:05,월+화+수+목+금+토+일,2024-09-01,2024-10-26,2024-06-19
출발,에어부산,BX8022,제주,서울/김포,21:00,22:20,화+금,2024-03-31,2024-10-26,2024-06-19
출발,진에어,LJ430,제주,대구,21:00,22:05,월+화+수+목+금+토+일,2024-04-16,2024-10-26,2024-06-19
출발,아시아나항공,OZ8236,제주,청주,21:00,22:10,월+목+토,2024-06-11,2024-08-31,2024-06-19
출발,아시아나항공,OZ8994,제주,서울/김포,21:00,22:15,월+화+수+목+금+토+일,2024-06-11,2024-08-31,2024-06-19
출발,제주항공,7C138,제주,서울/김포,21:05,22:15,월+화+수+목+금+토+일,2024-03-31,2024-10-26,2024-06-19
출발,대한항공,KE1562,제주,부산/김해,21:05,22:05,월+화+수+목+금+토+일,2024-03-31,2024-06-30,2024-06-19
출발,대한항공,KE1562,제주,부산/김해,21:05,22:05,월+화+수+목+금+토+일,2024-07-01,2024-10-26,2024-06-19
출발,티웨이항공,TW736,제주,서울/김포,21:05,22:15,월+수+금+일,2024-03-31,2024-10-26,2024-06-19
출발,제주항공,7C140,제주,서울/김포,21:10,22:20,월+화+수+목+금+토+일,2024-03-31,2024-10-26,2024-06-19
출발,진에어,LJ514,제주,서울/김포,21:10,22:20,월+화+수+목+금+토+일,2024-03-31,2024-10-26,2024-06-19
출발,티웨이항공,TW810,제주,대구,21:10,22:10,월+화+수+목+금+토+일,2024-03-31,2024-10-26,2024-06-19
출발,에어부산,BX8014,제주,서울/김포,21:15,22:35,수+토+일,2024-03-31,2024-10-26,2024-06-19
출발,대한항공,KE1344,제주,서울/김포,21:15,22:25,월+화+수+목+금+토+일,2024-03-31,2024-10-26,2024-06-19
출발,아시아나항공,OZ8236,제주,청주,21:15,22:25,화+일,2024-06-11,2024-08-31,2024-06-19
출발,이스타항공,ZE232,제주,서울/김포,21:15,22:25,월+화+수+목+금+토+일,2024-06-16,2024-10-26,2024-06-19
출발,제주항공,7C142,제주,서울/김포,21:20,22:30,월+화+수+목+금+토+일,2024-03-31,2024-10-26,2024-06-19
출발,진에어,LJ516,제주,서울/김포,21:20,22:30,월+화+수+목+금+토+일,2024-03-31,2024-10-26,2024-06-19
출발,아시아나항공,OZ8236,제주,청주,21:20,22:25,수+금,2024-06-11,2024-08-31,2024-06-19
출발,이스타항공,ZE234,제주,서울/김포,21:20,22:30,화+목+토,2024-06-18,2024-06-29,2024-06-19
출발,이스타항공,ZE234,제주,서울/김포,21:20,22:30,화+목+토,2024-06-30,2024-10-26,2024-06-19
출발,진에어,LJ412,제주,청주,21:25,22:40,월+화+수+목+금+토+일,2024-03-31,2024-10-26,2024-06-19
출발,에어로케이항공,RF614,제주,청주,21:25,22:35,월+화+수+목+금+토+일,2024-03-31,2024-10-26,2024-06-19
출발,이스타항공,ZE706,제주,청주,21:25,22:30,월+화+수+목+금+토+일,2024-03-31,2024-10-26,2024-06-19
출발,티웨이항공,TW816,제주,대구,21:35,22:35,목,2024-03-31,2024-10-26,2024-06-19
출발,티웨이항공,TW816,제주,대구,21:45,22:45,월+화+수+금+토+일,2024-03-31,2024-10-26,2024-06-19
출발,제주항공,7C708,제주,대구,21:50,23:00,월+화+수+목+금+토+일,2024-03-31,2024-07-16,2024-06-19
출발,제주항공,7C850,제주,청주,22:20,23:20,목+일,2024-03-31,2024-10-26,2024-06-19
도착,제주항공,7C309,무안,제주,05:20,06:20,수,2024-10-16,2024-10-16,2024-06-19
도착,제주항공,7C859,청주,제주,06:00,07:00,월+금,2024-03-31,2024-10-26,2024-06-19
도착,진에어,LJ517,서울/김포,제주,06:00,07:10,월+화+수+금+토,2024-05-08,2024-07-20,2024-06-19
도착,진에어,LJ517,서울/김포,제주,06:00,07:10,화+수+토,2024-07-21,2024-10-07,2024-06-19
도착,진에어,LJ517,서울/김포,제주,06:00,07:10,월+화+수+목+금+토+일,2024-10-08,2024-10-26,2024-06-19
도착,에어서울,RS901,서울/김포,제주,06:00,07:10,월+화+수+목+금+토+일,2024-05-27,2024-10-26,2024-06-19
도착,진에어,LJ501,서울/김포,제주,06:05,07:15,월+화+수+목+금+토+일,2024-03-31,2024-10-26,2024-06-19
도착,아시아나항공,OZ8901,서울/김포,제주,06:10,07:20,월+화+수+목+금+토+일,2024-03-31,2024-10-26,2024-06-19
도착,이스타항공,ZE201,서울/김포,제주,06:10,07:20,월+화+수+목+금+토+일,2024-06-05,2024-10-26,2024-06-19
도착,제주항공,7C101,서울/김포,제주,06:15,07:30,월+화+수+목+금+토+일,2024-03-31,2024-10-26,2024-06-19
도착,아시아나항공,OZ8945,서울/김포,제주,06:15,07:25,토,2024-06-22,2024-06-29,2024-06-19
도착,이스타항공,ZE203,서울/김포,제주,06:15,07:25,월+화+수+목+금+토+일,2024-06-16,2024-06-30,2024-06-19
도착,이스타항공,ZE203,서울/김포,제주,06:15,07:25,월+화+수+목+금+토+일,2024-07-01,2024-10-26,2024-06-19
도착,티웨이항공,TW701,서울/김포,제주,06:20,07:30,수+금+일,2024-03-31,2024-10-26,2024-06-19
도착,티웨이항공,TW801,대구,제주,06:20,07:20,월+화+수+목+금+토+일,2024-03-31,2024-10-26,2024-06-19
도착,티웨이항공,TW9711,서울/김포,제주,06:20,07:30,토,2024-06-01,2024-06-25,2024-06-19
도착,제주항공,7C103,서울/김포,제주,06:25,07:35,월+화+수+목+금+토+일,2024-03-31,2024-10-26,2024-06-19
도착,진에어,LJ503,서울/김포,제주,06:25,07:35,월+화+수+목+금+토+일,2024-03-31,2024-10-26,2024-06-19
도착,티웨이항공,TW803,대구,제주,06:30,07:30,수,2024-03-31,2024-10-26,2024-06-19
도착,대한항공,KE1009,서울/김포,제주,06:40,07:50,월+화+수+목+금+토+일,2024-03-31,2024-10-26,2024-06-19
도착,아시아나항공,OZ8911,서울/김포,제주,06:40,07:50,월+화+수+목+금+토+일,2024-06-11,2024-10-26,2024-06-19
도착,티웨이항공,TW701,서울/김포,제주,06:40,07:50,월+화+목+토,2024-03-31,2024-10-26,2024-06-19
도착,에어부산,BX8011,서울/김포,제주,06:45,08:05,월+화+수+목+금+토+일,2024-03-31,2024-10-26,2024-06-19
도착,티웨이항공,TW811,대구,제주,06:45,07:45,월+화+수+목+금+토+일,2024-03-31,2024-10-26,2024-06-19
도착,에어부산,BX8101,부산/김해,제주,06:50,07:55,월+화+수+목+금+토+일,2024-03-31,2024-06-30,2024-06-19
도착,에어부산,BX8101,부산/김해,제주,06:50,07:55,화+수+목+토+일,2024-07-01,2024-07-15,2024-06-19
도착,에어부산,BX8101,부산/김해,제주,06:50,07:55,금,2024-07-01,2024-07-15,2024-06-19
도착,에어부산,BX8101,부산/김해,제주,06:50,07:55,월,2024-07-01,2024-07-15,2024-06-19
도착,에어부산,BX8101,부산/김해,제주,06:50,07:55,월+화+수+목+금+토+일,2024-07-16,2024-10-26,2024-06-19
도착,아시아나항공,OZ8231,청주,제주,06:50,07:55,월+화+수+목+금+토+일,2024-03-31,2024-10-26,2024-06-19
도착,티웨이항공,TW9711,서울/김포,제주,06:50,08:00,수+목,2024-06-01,2024-06-25,2024-06-19
도착,이스타항공,ZE205,서울/김포,제주,06:50,08:00,월+화+수+목+금+토+일,2024-04-21,2024-10-26,2024-06-19
도착,제주항공,7C105,서울/김포,제주,07:00,08:10,월+화+수+목+금+토+일,2024-03-31,2024-10-26,2024-06-19
도착,대한항공,KE1017,서울/김포,제주,07:00,08:10,월+화+수+목+금+토+일,2024-03-31,2024-10-26,2024-06-19
도착,대한항공,KE1505,부산/김해,제주,07:00,08:00,월+화+수+목+금+토+일,2024-03-31,2024-06-30,2024-06-19
도착,대한항공,KE1505,부산/김해,제주,07:00,08:00,월+화+수+목+금+토+일,2024-07-01,2024-10-26,2024-06-19
도착,티웨이항공,TW703,서울/김포,제주,07:00,08:10,월+화+수+목+금+토+일,2024-06-01,2024-06-30,2024-06-19
도착,티웨이항공,TW703,서울/김포,제주,07:00,08:10,월+화+수+목+금+토+일,2024-07-01,2024-07-09,2024-06-19
도착,티웨이항공,TW703,서울/김포,제주,07:00,08:10,월+화+수+목+금+토+일,2024-07-10,2024-10-26,2024-06-19
도착,에어부산,BX8013,서울/김포,제주,07:10,08:30,화+수+토,2024-03-31,2024-10-26,2024-06-19
도착,에어부산,BX8013,서울/김포,제주,07:10,08:30,월+목+일,2024-03-31,2024-10-26,2024-06-19
도착,대한항공,KE1019,서울/김포,제주,07:10,08:25,월+화+수+목+금+토+일,2024-03-31,2024-10-26,2024-06-19
도착,에어부산,BX8041,서울/김포,제주,07:20,08:35,화,2024-03-31,2024-10-26,2024-06-19
도착,에어부산,BX8041,서울/김포,제주,07:20,08:30,월+금+일,2024-03-31,2024-10-26,2024-06-19
도착,진에어,LJ401,청주,제주,07:20,08:25,월+화+수+목+금+토+일,2024-03-31,2024-10-26,2024-06-19
도착,아시아나항공,OZ8913,서울/김포,제주,07:25,08:35,월+화+수+목+금+토+일,2024-06-01,2024-06-25,2024-06-19
도착,아시아나항공,OZ8913,서울/김포,제주,07:25,08:35,월+화+수+목+금+토+일,2024-06-26,2024-10-26,2024-06-19
도착,에어부산,BX8107,부산/김해,제주,07:30,08:35,월+화+수+목+금+토+일,2024-03-31,2024-10-26,2024-06-19
도착,대한항공,KE1023,서울/김포,제주,07:30,08:40,월+화+수+목+금+토+일,2024-03-31,2024-10-26,2024-06-19
도착,에어부산,BX8103,부산/김해,제주,07:35,08:35,금,2024-03-31,2024-10-26,2024-06-19
도착,제주항공,7C107,서울/김포,제주,07:40,08:50,월+화+수+목+금+토+일,2024-03-31,2024-10-26,2024-06-19
도착,제주항공,7C309,무안,제주,07:40,08:40,수,2024-04-24,2024-10-15,2024-06-19
도착,에어부산,BX8041,서울/김포,제주,07:40,09:00,수+토,2024-03-31,2024-10-26,2024-06-19
도착,진에어,LJ561,부산/김해,제주,07:40,08:40,월+화+수+목+금+토+일,2024-03-31,2024-10-26,2024-06-19
도착,진에어,LJ421,대구,제주,07:45,08:50,월+화+수+목+금+토+일,2024-03-31,2024-10-26,2024-06-19
도착,이스타항공,ZE701,청주,제주,07:45,08:50,월+화+수+목+금+토+일,2024-03-31,2024-10-26,2024-06-19
도착,이스타항공,ZE207,서울/김포,제주,07:55,09:05,월+화+수+목+금+토+일,2024-06-16,2024-10-26,2024-06-19
도착,에어부산,BX8133,부산/김해,제주,08:00,09:00,월+화+목+금+일,2024-03-31,2024-10-26,2024-06-19
도착,제주항공,7C503,부산/김해,제주,08:05,09:05,월+화+수+목+금+토+일,2024-03-31,2024-10-26,2024-06-19
도착,에어부산,BX8027,서울/김포,제주,08:05,09:25,수+목+토,2024-03-31,2024-10-26,2024-06-19
도착,티웨이항공,TW705,서울/김포,제주,08:05,09:15,월+화+수+목+금+토+일,2024-03-31,2024-10-26,2024-06-19
도착,대한항공,KE1033,서울/김포,제주,08:10,09:20,월+화+수+목+금+토+일,2024-03-31,2024-10-26,2024-06-19
도착,진에어,LJ467,무안,제주,08:15,09:10,목+일,2024-05-09,2024-09-29,2024-06-19
도착,제주항공,7C701,대구,제주,08:20,09:35,월+화+수+목+금+토+일,2024-03-31,2024-10-26,2024-06-19
도착,아시아나항공,OZ8921,서울/김포,제주,08:20,09:35,월+화+수+목+금+토+일,2024-03-31,2024-10-26,2024-06-19
도착,에어로케이항공,RF601,청주,제주,08:20,09:25,월+화+수+목+금+토+일,2024-03-31,2024-10-26,2024-06-19
도착,대한항공,KE1045,서울/김포,제주,08:25,09:35,월+화+수+목+금+토+일,2024-03-31,2024-10-26,2024-06-19
도착,아시아나항공,OZ8925,서울/김포,제주,08:30,09:40,월+화+수+목+금+토+일,2024-03-31,2024-10-26,2024-06-19
도착,제주항공,7C309,무안,제주,08:40,09:40,월+금+일,2024-04-24,2024-10-24,2024-06-19
도착,에어부산,BX8025,서울/김포,제주,08:40,10:00,화+금,2024-03-31,2024-10-26,2024-06-19
도착,아시아나항공,OZ8945,서울/김포,제주,08:40,09:50,목,2024-06-20,2024-06-27,2024-06-19
도착,티웨이항공,TW9871,청주,제주,08:40,09:55,화+목+토+일,2024-06-01,2024-06-30,2024-06-19
도착,티웨이항공,TW9873,청주,제주,08:50,10:05,화,2024-06-01,2024-06-30,2024-06-19
도착,티웨이항공,TW803,대구,제주,08:55,09:55,월+화+목+금+토+일,2024-03-31,2024-10-26,2024-06-19
도착,티웨이항공,TW901,광주,제주,08:55,09:50,월+화+수+목+금+토+일,2024-03-31,2024-10-26,2024-06-19
도착,티웨이항공,TW9873,청주,제주,08:55,10:05,월+수+금,2024-06-01,2024-06-30,2024-06-19
도착,제주항공,7C109,서울/김포,제주,09:00,10:10,월+화+수+목+금+토+일,2024-03-31,2024-10-26,2024-06-19
도착,제주항공,7C505,부산/김해,제주,09:00,10:05,월+화+수+목+금+토+일,2024-03-31,2024-10-26,2024-06-19
도착,대한항공,KE1049,서울/김포,제주,09:00,10:10,월+화+수+목+금+토+일,2024-06-01,2024-10-26,2024-06-19
도착,티웨이항공,TW9873,청주,제주,09:10,10:15,목+토+일,2024-06-01,2024-06-30,2024-06-19
도착,대한항공,KE1707,청주,제주,09:15,10:25,월+화+수+목+금+토+일,2024-03-31,2024-06-30,2024-06-19
도착,대한항공,KE1707,청주,제주,09:15,10:25,월+화+수+목+금+토+일,2024-07-01,2024-10-26,2024-06-19
도착,진에어,LJ451,광주,제주,09:15,10:10,월+화+수+금+토,2024-05-09,2024-09-29,2024-06-19
도착,진에어,LJ451,광주,제주,09:15,10:10,월+화+수+목+금+토+일,2024-09-30,2024-10-26,2024-06-19
도착,제주항공,7C111,서울/김포,제주,09:25,10:35,월+수+목+금+일,2024-03-31,2024-10-26,2024-06-19
도착,제주항공,7C309,무안,제주,09:30,10:30,목,2024-06-13,2024-06-27,2024-06-19
도착,대한항공,KE1055,서울/김포,제주,09:30,10:40,월+화+수+목+금+토+일,2024-03-31,2024-10-26,2024-06-19
도착,진에어,LJ461,여수,제주,09:30,10:25,월+화+수+목+금+토+일,2024-03-31,2024-10-26,2024-06-19
도착,아시아나항공,OZ8123,대구,제주,09:30,10:30,월+화+수+목+금+토+일,2024-03-31,2024-10-26,2024-06-19
도착,티웨이항공,TW805,대구,제주,09:35,10:35,수,2024-03-31,2024-10-26,2024-06-19
도착,아시아나항공,OZ8945,서울/김포,제주,09:40,10:50,화,2024-06-25,2024-06-25,2024-06-19
도착,에어서울,RS903,서울/김포,제주,09:45,10:55,월+화+수,2024-05-27,2024-10-23,2024-06-19
도착,에어서울,RS903,서울/김포,제주,09:45,10:55,목+금+일,2024-05-27,2024-10-25,2024-06-19
도착,에어서울,RS903,서울/김포,제주,09:45,10:55,토,2024-05-27,2024-06-29,2024-06-19
도착,에어서울,RS903,서울/김포,제주,09:45,10:55,토,2024-07-06,2024-10-26,2024-06-19
도착,티웨이항공,TW707,서울/김포,제주,09:45,10:55,월+화+수+목+금+토+일,2024-03-31,2024-10-26,2024-06-19
도착,아시아나항공,OZ8927,서울/김포,제주,09:50,11:00,월+화+수+목+금+토+일,2024-03-31,2024-10-26,2024-06-19
도착,이스타항공,ZE209,서울/김포,제주,09:50,11:05,월+화+수+목+금+토+일,2024-05-01,2024-10-26,2024-06-19
도착,제주항공,7C851,청주,제주,09:55,11:05,월+화+수+목+금+토+일,2024-03-31,2024-10-26,2024-06-19
도착,대한항공,KE1515,부산/김해,제주,09:55,10:55,월+화+수+목+금+토+일,2024-03-31,2024-10-26,2024-06-19
도착,아시아나항공,OZ8141,광주,제주,09:55,10:45,월+화+수+목+금+토+일,2024-03-31,2024-10-26,2024-06-19
도착,티웨이항공,TW805,대구,제주,10:05,11:05,월+화+목+금+토+일,2024-03-31,2024-10-26,2024-06-19
도착,제주항공,7C601,광주,제주,10:10,11:00,월+화+수+목+금+토+일,2024-03-31,2024-10-26,2024-06-19
도착,진에어,LJ423,대구,제주,10:10,11:10,월+화+수+목+금+토+일,2024-03-31,2024-10-26,2024-06-19
도착,대한항공,KE1519,부산/김해,제주,10:15,11:15,수+금+일,2024-07-19,2024-10-26,2024-06-19
도착,아시아나항공,OZ8931,서울/김포,제주,10:15,11:25,월+화+수+목+금+토+일,2024-03-31,2024-10-26,2024-06-19
도착,이스타항공,ZE709,청주,제주,10:15,11:20,월+화+수+목+금+토+일,2024-04-15,2024-06-30,2024-06-19
도착,대한항공,KE1517,부산/김해,제주,10:25,11:25,월+화+수+목+금+토+일,2024-03-31,2024-06-30,2024-06-19
도착,대한항공,KE1517,부산/김해,제주,10:25,11:25,월+화+수+목+금+토+일,2024-07-01,2024-10-26,2024-06-19
도착,티웨이항공,TW815,대구,제주,10:25,11:25,화+수+목+토+일,2024-03-31,2024-10-26,2024-06-19
도착,티웨이항공,TW815,대구,제주,10:25,11:25,월+금,2024-06-17,2024-06-30,2024-06-19
도착,제주항공,7C113,서울/김포,제주,10:30,11:30,월+화+수+목+금+토+일,2024-03-31,2024-10-26,2024-06-19
도착,진에어,LJ505,서울/김포,제주,10:30,11:40,월+화+수+목+금+토+일,2024-03-31,2024-10-26,2024-06-19
도착,티웨이항공,TW709,서울/김포,제주,10:30,11:40,화+목+토,2024-03-31,2024-10-26,2024-06-19
도착,대한항공,KE1073,서울/김포,제주,10:35,11:45,월+화+수+목+금+토+일,2024-03-31,2024-10-26,2024-06-19
도착,대한항공,KE1075,서울/김포,제주,10:40,11:55,월+화+수+목+금+토+일,2024-03-31,2024-10-26,2024-06-19
도착,대한항공,KE1607,광주,제주,10:40,11:35,월+화+수+목+금+토+일,2024-03-31,2024-10-26,2024-06-19
도착,아시아나항공,OZ8935,서울/김포,제주,10:40,11:50,월+화+수+목+금+토+일,2024-06-11,2024-10-26,2024-06-19
도착,진에어,LJ435,포항/포항경주,제주,10:45,11:50,월+화+수+목+금+토+일,2024-03-31,2024-10-26,2024-06-19
도착,대한항공,KE1081,서울/김포,제주,10:50,12:00,월+수+금+일,2024-03-31,2024-10-26,2024-06-19
도착,대한항공,KE1709,청주,제주,10:50,12:00,화+목+토,2024-03-31,2024-10-26,2024-06-19
도착,이스타항공,ZE211,서울/김포,제주,10:50,12:00,월+수+목+금+일,2024-07-01,2024-09-15,2024-06-19
도착,이스타항공,ZE211,서울/김포,제주,10:50,12:00,월+화+수+목+금+토+일,2024-09-16,2024-10-26,2024-06-19
도착,에어부산,BX8029,서울/김포,제주,10:55,12:15,월+화+수+목+금+토+일,2024-03-31,2024-10-26,2024-06-19
도착,티웨이항공,TW711,서울/김포,제주,10:55,12:05,수,2024-03-31,2024-10-26,2024-06-19
도착,이스타항공,ZE211,서울/김포,제주,10:55,12:05,월+화+수+목+금+토+일,2024-04-21,2024-06-30,2024-06-19
도착,이스타항공,ZE211,서울/김포,제주,10:55,12:05,화+토,2024-07-01,2024-09-15,2024-06-19
도착,이스타항공,ZE709,청주,제주,11:00,12:05,월+수+목+금+일,2024-07-01,2024-09-15,2024-06-19
도착,이스타항공,ZE709,청주,제주,11:00,12:05,월+화+수+목+금+토+일,2024-09-16,2024-10-26,2024-06-19
도착,이스타항공,ZE301,군산,제주,11:05,12:05,월+화+수+목+금+토+일,2024-03-31,2024-10-26,2024-06-19
도착,진에어,LJ471,원주,제주,11:10,12:25,월+화+수+목+금+토+일,2024-03-31,2024-10-26,2024-06-19
도착,진에어,LJ507,서울/김포,제주,11:10,12:20,월+화+수+목+금+토+일,2024-03-31,2024-10-26,2024-06-19
도착,제주항공,7C801,청주,제주,11:15,12:20,월+화+수+목+금+토+일,2024-03-31,2024-10-26,2024-06-19
도착,아시아나항공,OZ8941,서울/김포,제주,11:15,12:25,월+화+수+목+금+토+일,2024-06-01,2024-06-25,2024-06-19
도착,아시아나항공,OZ8941,서울/김포,제주,11:15,12:25,월+화+수+목+금+토+일,2024-06-26,2024-10-26,2024-06-19
도착,대한항공,KE1569,대구,제주,11:20,12:30,월+화+수+목+금+토+일,2024-03-31,2024-10-26,2024-06-19
도착,티웨이항공,TW713,서울/김포,제주,11:25,12:40,월+화+수+목+금+토+일,2024-06-01,2024-06-30,2024-06-19
도착,티웨이항공,TW713,서울/김포,제주,11:25,12:40,월+화+수+목+금+토+일,2024-07-01,2024-07-09,2024-06-19
도착,에어부산,BX8183,부산/김해,제주,11:30,12:35,월+화+수+목+금+토+일,2024-06-01,2024-10-26,2024-06-19
도착,제주항공,7C115,서울/김포,제주,11:35,12:45,월+화+수+목+금+토+일,2024-03-31,2024-10-26,2024-06-19
도착,진에어,LJ403,청주,제주,11:35,12:40,월+화+수+목+금+토+일,2024-03-31,2024-10-26,2024-06-19
도착,티웨이항공,TW9713,서울/김포,제주,11:40,12:50,일,2024-06-01,2024-06-25,2024-06-19
도착,이스타항공,ZE213,서울/김포,제주,11:40,12:50,월+화+수+목+금+토+일,2024-06-16,2024-10-26,2024-06-19
도착,에어부산,BX8109,부산/김해,제주,11:45,12:45,월+화+수+목+금+토+일,2024-03-31,2024-10-26,2024-06-19
도착,아시아나항공,OZ8197,여수,제주,11:45,12:35,월+화+수+목+금+토+일,2024-03-31,2024-10-26,2024-06-19
도착,티웨이항공,TW713,서울/김포,제주,11:45,12:55,월+화+수+목+금+토+일,2024-07-10,2024-10-26,2024-06-19
도착,대한항공,KE1091,서울/김포,제주,11:55,13:05,월+화+수+목+금+토+일,2024-03-31,2024-10-26,2024-06-19
도착,티웨이항공,TW9713,서울/김포,제주,11:55,13:05,월+수+목+금+토,2024-06-01,2024-06-25,2024-06-19
도착,티웨이항공,TW9713,서울/김포,제주,11:55,13:05,수+목+금+토+일,2024-06-26,2024-06-30,2024-06-19
도착,제주항공,7C117,서울/김포,제주,12:05,13:15,월+화+수+목+금+토+일,2024-03-31,2024-10-26,2024-06-19
도착,진에어,LJ563,부산/김해,제주,12:05,13:05,월+화+수+목+금+토+일,2024-03-31,2024-10-26,2024-06-19
도착,티웨이항공,TW903,광주,제주,12:05,12:55,월+화+수+목+금+토+일,2024-03-31,2024-10-26,2024-06-19
도착,제주항공,7C509,부산/김해,제주,12:20,13:20,월+화+수+목+금+토+일,2024-03-31,2024-10-26,2024-06-19
도착,아시아나항공,OZ8947,서울/김포,제주,12:20,13:35,월+화+수+목+금+토+일,2024-03-31,2024-10-26,2024-06-19
도착,아시아나항공,OZ8949,서울/김포,제주,12:25,13:35,월+화+수+목+금+토+일,2024-03-31,2024-10-26,2024-06-19
도착,제주항공,7C119,서울/김포,제주,12:35,13:45,월+화+수+목+금+토+일,2024-03-31,2024-10-26,2024-06-19
도착,진에어,LJ439,울산,제주,12:35,13:40,월+화+수+목+금+토+일,2024-03-31,2024-10-26,2024-06-19
도착,진에어,LJ463,군산,제주,12:45,13:45,월+화+수+목+금+토+일,2024-03-31,2024-10-26,2024-06-19
도착,티웨이항공,TW9875,청주,제주,12:45,13:55,목+토+일,2024-06-01,2024-06-30,2024-06-19
도착,대한항공,KE1103,서울/김포,제주,12:50,14:00,월+화+수+목+금+토+일,2024-06-01,2024-10-26,2024-06-19
도착,대한항공,KE1107,서울/김포,제주,12:50,14:00,월+화+수+목+금+토+일,2024-06-01,2024-10-26,2024-06-19
도착,아시아나항공,OZ8143,광주,제주,12:50,13:50,월+화+수+목+금+토+일,2024-03-31,2024-10-26,2024-06-19
도착,티웨이항공,TW715,서울/김포,제주,12:50,14:00,월+화+수+목+금+토+일,2024-03-31,2024-10-26,2024-06-19
도착,아시아나항공,OZ8233,청주,제주,12:55,13:55,월+화+수+목+금+토+일,2024-03-31,2024-10-26,2024-06-19
도착,아시아나항공,OZ8933,서울/김포,제주,12:55,14:05,목,2024-06-20,2024-06-27,2024-06-19
도착,이스타항공,ZE215,서울/김포,제주,12:55,14:05,월+수+금+일,2024-06-01,2024-06-30,2024-06-19
도착,이스타항공,ZE215,서울/김포,제주,12:55,14:05,월+수+금+일,2024-07-01,2024-10-26,2024-06-19
도착,대한항공,KE1113,서울/김포,제주,13:00,14:10,월+화+수+목+금+토+일,2024-03-31,2024-10-26,2024-06-19
도착,아시아나항공,OZ8951,서울/김포,제주,13:00,14:10,월+화+수+목+금+토+일,2024-03-31,2024-10-26,2024-06-19
도착,제주항공,7C121,서울/김포,제주,13:10,14:20,월+수+목+금+일,2024-03-31,2024-10-26,2024-06-19
도착,대한항공,KE1611,광주,제주,13:10,14:05,월+금+토+일,2024-06-19,2024-07-18,2024-06-19
도착,대한항공,KE1611,광주,제주,13:10,14:05,월+화+수+목+금+토+일,2024-07-19,2024-10-26,2024-06-19
도착,대한항공,KE1115,서울/김포,제주,13:20,14:30,월+화+수+목+금+토+일,2024-03-31,2024-06-30,2024-06-19
도착,대한항공,KE1115,서울/김포,제주,13:20,14:30,월+화+수+목+금+토+일,2024-07-01,2024-10-26,2024-06-19
도착,티웨이항공,TW873,청주,제주,13:20,14:25,월+화+수+목+금+토+일,2024-03-31,2024-10-26,2024-06-19
도착,티웨이항공,TW9717,서울/김포,제주,13:20,14:30,월+화+수+목+금+토+일,2024-04-15,2024-06-30,2024-06-19
도착,티웨이항공,TW719,서울/김포,제주,13:25,14:35,화+토,2024-03-31,2024-10-26,2024-06-19
도착,제주항공,7C123,서울/김포,제주,13:30,14:40,월+화+수+목+금+토+일,2024-03-31,2024-10-26,2024-06-19
도착,에어부산,BX8111,부산/김해,제주,13:30,14:30,월+화+수+목+금+토+일,2024-03-31,2024-10-26,2024-06-19
도착,대한항공,KE1121,서울/김포,제주,13:30,14:40,월+화+수+목+금+토+일,2024-03-31,2024-10-26,2024-06-19
도착,에어서울,RS905,서울/김포,제주,13:40,14:50,월+화+수+목+금+토+일,2024-05-27,2024-10-26,2024-06-19
도착,이스타항공,ZE217,서울/김포,제주,13:40,14:50,월+화+수+목+금+토+일,2024-05-28,2024-10-26,2024-06-19
도착,진에어,LJ425,대구,제주,13:45,14:45,월+화+수+목+금+토+일,2024-03-31,2024-10-26,2024-06-19
도착,진에어,LJ565,부산/김해,제주,13:45,14:45,월+화+수+목+금+토+일,2024-03-31,2024-10-26,2024-06-19
도착,아시아나항공,OZ8933,서울/김포,제주,13:45,14:55,월,2024-06-24,2024-06-24,2024-06-19
도착,대한항공,KE1635,여수,제주,14:00,15:00,월+화+수+목+금+토+일,2024-03-31,2024-10-26,2024-06-19
도착,아시아나항공,OZ8953,서울/김포,제주,14:00,15:10,월+화+수+목+금+토+일,2024-03-31,2024-10-26,2024-06-19
도착,대한항공,KE1717,청주,제주,14:05,15:15,월+화+수+목+금+토+일,2024-03-31,2024-06-30,2024-06-19
도착,대한항공,KE1717,청주,제주,14:05,15:15,월+화+수+목+금+토+일,2024-07-01,2024-10-26,2024-06-19
도착,진에어,LJ437,포항/포항경주,제주,14:05,15:10,월+화+수+목+금+토+일,2024-03-31,2024-10-26,2024-06-19
도착,티웨이항공,TW721,서울/김포,제주,14:05,15:15,화+목+토,2024-03-31,2024-10-26,2024-06-19
도착,대한항공,KE1131,서울/김포,제주,14:15,15:25,월+화+수+목+금+토+일,2024-03-31,2024-10-26,2024-06-19
도착,진에어,LJ569,부산/김해,제주,14:15,15:20,월+화+수+목+금+토+일,2024-03-31,2024-06-30,2024-06-19
도착,진에어,LJ569,부산/김해,제주,14:15,15:20,월+화+수+목+금+토+일,2024-07-01,2024-10-26,2024-06-19
도착,대한항공,KE1595,울산,제주,14:25,15:35,월+화+수+목+금+토+일,2024-03-31,2024-10-26,2024-06-19
도착,티웨이항공,TW723,서울/김포,제주,14:25,15:35,월+목+금+일,2024-03-31,2024-10-26,2024-06-19
도착,에어부산,BX8115,부산/김해,제주,14:35,15:40,월+화+수+목+금+토+일,2024-03-31,2024-10-26,2024-06-19
도착,아시아나항공,OZ8957,서울/김포,제주,14:35,15:45,월+화+수+목+금+토+일,2024-09-01,2024-10-26,2024-06-19
도착,티웨이항공,TW723,서울/김포,제주,14:35,15:45,수,2024-03-31,2024-10-26,2024-06-19
도착,이스타항공,ZE219,서울/김포,제주,14:35,15:45,월+화+수+목+금+토+일,2024-03-31,2024-10-26,2024-06-19
도착,제주항공,7C125,서울/김포,제주,14:40,15:50,월+화+수+목+금+토+일,2024-03-31,2024-10-26,2024-06-19
도착,제주항공,7C511,부산/김해,제주,14:40,15:40,월+화+수+목+금+토+일,2024-03-31,2024-10-26,2024-06-19
도착,아시아나항공,OZ8145,광주,제주,14:40,15:30,월+화+수+목+금+토+일,2024-07-01,2024-10-26,2024-06-19
도착,대한항공,KE1613,광주,제주,14:45,15:40,월+화+수+목+금+토+일,2024-03-31,2024-10-26,2024-06-19
도착,진에어,LJ509,서울/김포,제주,14:45,15:55,월+화+수+목+금+토+일,2024-03-31,2024-10-26,2024-06-19
도착,아시아나항공,OZ8145,광주,제주,14:50,15:45,월+화+수+목+금+토+일,2024-06-11,2024-06-30,2024-06-19
도착,아시아나항공,OZ8961,서울/김포,제주,14:55,16:05,월+화+수+목+금+토+일,2024-03-31,2024-10-26,2024-06-19
도착,에어로케이항공,RF609,청주,제주,14:55,16:00,월+화+수+목+금+토+일,2024-03-31,2024-10-26,2024-06-19
도착,에어부산,BX8113,부산/김해,제주,15:00,16:00,월+화+수+목+금+토+일,2024-03-31,2024-10-26,2024-06-19
도착,에어부산,BX8021,서울/김포,제주,15:05,16:20,월+화+수+목+금+토+일,2024-03-31,2024-10-26,2024-06-19
도착,아시아나항공,OZ8963,서울/김포,제주,15:05,16:15,월+화+수+목+금+토+일,2024-03-31,2024-10-26,2024-06-19
도착,티웨이항공,TW905,광주,제주,15:05,16:00,월+수+금+일,2024-03-31,2024-10-26,2024-06-19
도착,제주항공,7C127,서울/김포,제주,15:10,16:20,월+화+수+목+금+토+일,2024-03-31,2024-10-26,2024-06-19
도착,대한항공,KE1147,서울/김포,제주,15:10,16:20,월+화+목+토,2024-03-31,2024-10-26,2024-06-19
도착,티웨이항공,TW725,서울/김포,제주,15:15,16:25,월+화+수+목+금+토+일,2024-07-10,2024-10-26,2024-06-19
도착,티웨이항공,TW9715,서울/김포,제주,15:15,16:25,화,2024-06-01,2024-06-24,2024-06-19
도착,대한항공,KE1585,진주/사천,제주,15:20,16:20,수+금+일,2024-03-31,2024-10-26,2024-06-19
도착,대한항공,KE1153,서울/김포,제주,15:25,16:35,월+화+수+목+금+토+일,2024-05-13,2024-10-26,2024-06-19
도착,진에어,LJ511,서울/김포,제주,15:25,16:35,월+화+수+목+금+토+일,2024-03-31,2024-10-26,2024-06-19
도착,티웨이항공,TW9715,서울/김포,제주,15:25,16:35,월+금,2024-06-01,2024-06-24,2024-06-19
도착,티웨이항공,TW9715,서울/김포,제주,15:25,16:35,수+목+금+일,2024-06-26,2024-06-30,2024-06-19
도착,제주항공,7C129,서울/김포,제주,15:30,16:40,월+화+수+목+금+토+일,2024-03-31,2024-10-26,2024-06-19
도착,진에어,LJ453,광주,제주,15:30,16:25,월+화+수+목+금+토+일,2024-03-31,2024-10-26,2024-06-19
도착,티웨이항공,TW725,서울/김포,제주,15:35,16:45,월+화+수+목+금+토+일,2024-06-01,2024-06-30,2024-06-19
도착,티웨이항공,TW725,서울/김포,제주,15:35,16:45,월+화+수+목+금+토+일,2024-07-01,2024-07-09,2024-06-19
도착,티웨이항공,TW905,광주,제주,15:35,16:30,화+토,2024-03-31,2024-10-26,2024-06-19
도착,제주항공,7C513,부산/김해,제주,15:40,16:40,월+화+수+목+금+토+일,2024-03-31,2024-10-26,2024-06-19
도착,진에어,LJ427,대구,제주,15:40,16:45,월+화+수+목+금+토+일,2024-03-31,2024-10-26,2024-06-19
도착,이스타항공,ZE221,서울/김포,제주,15:40,16:50,월+화+수+목+금+토+일,2024-06-16,2024-10-26,2024-06-19
도착,제주항공,7C131,서울/김포,제주,15:55,17:05,월+화+수+목+금+토+일,2024-03-31,2024-10-26,2024-06-19
도착,티웨이항공,TW875,청주,제주,15:55,17:10,월+화+수+금+토,2024-03-31,2024-10-26,2024-06-19
도착,티웨이항공,TW875,청주,제주,15:55,17:05,일,2024-03-31,2024-10-26,2024-06-19
도착,티웨이항공,TW875,청주,제주,15:55,17:10,목,2024-04-15,2024-06-30,2024-06-19
도착,이스타항공,ZE223,서울/김포,제주,15:55,17:05,월+화+수+목+금+토+일,2024-03-31,2024-10-26,2024-06-19
도착,아시아나항공,OZ8199,여수,제주,16:00,16:50,월+화+수+목+금+토+일,2024-03-31,2024-10-26,2024-06-19
도착,제주항공,7C705,대구,제주,16:05,17:15,월+화+수+목+금+토+일,2024-03-31,2024-10-26,2024-06-19
도착,진에어,LJ407,청주,제주,16:05,17:15,월+화+수+목+금+토+일,2024-03-31,2024-10-26,2024-06-19
도착,티웨이항공,TW905,광주,제주,16:10,17:05,목,2024-03-31,2024-10-26,2024-06-19
도착,대한항공,KE1165,서울/김포,제주,16:30,17:40,월+화+수+목+금+토+일,2024-06-01,2024-10-26,2024-06-19
도착,티웨이항공,TW907,광주,제주,16:30,17:25,월+화+수+목+금+토+일,2024-03-31,2024-10-26,2024-06-19
도착,제주항공,7C591,부산/김해,제주,16:35,17:35,목,2024-06-13,2024-06-27,2024-06-19
도착,아시아나항공,OZ8967,서울/김포,제주,16:35,17:50,월+화+수+목+금+토+일,2024-06-01,2024-06-25,2024-06-19
도착,아시아나항공,OZ8967,서울/김포,제주,16:35,17:50,월+화+수+목+금+토+일,2024-06-26,2024-10-26,2024-06-19
도착,이스타항공,ZE225,서울/김포,제주,16:35,17:45,월+수+금+일,2024-06-01,2024-06-30,2024-06-19
도착,이스타항공,ZE225,서울/김포,제주,16:35,17:45,월+수+금+일,2024-07-01,2024-10-26,2024-06-19
도착,에어부산,BX8117,부산/김해,제주,16:40,17:45,월+화+수+목+금+토+일,2024-03-31,2024-10-26,2024-06-19
도착,대한항공,KE1543,부산/김해,제주,16:40,17:40,월+화+수+목+금+토+일,2024-03-31,2024-10-26,2024-06-19
도착,진에어,LJ455,광주,제주,16:40,17:35,월+화+수+목+금+토+일,2024-03-31,2024-10-26,2024-06-19
도착,제주항공,7C133,서울/김포,제주,16:50,18:00,월+수+목+금+일,2024-03-31,2024-10-26,2024-06-19
도착,제주항공,7C515,부산/김해,제주,17:00,18:00,월+화+수+목+금+토+일,2024-03-31,2024-10-26,2024-06-19
도착,에어부산,BX8173,부산/김해,제주,17:00,18:05,월+토,2024-03-31,2024-10-26,2024-06-19
도착,이스타항공,ZE703,청주,제주,17:00,18:10,월+화+수+목+토+일,2024-03-31,2024-10-26,2024-06-19
도착,제주항공,7C525,부산/김해,제주,17:05,18:05,화+토,2024-03-31,2024-10-26,2024-06-19
도착,대한항공,KE1177,서울/김포,제주,17:05,18:15,월+화+수+목+금+토+일,2024-03-31,2024-10-26,2024-06-19
도착,이스타항공,ZE703,청주,제주,17:05,18:10,금,2024-04-05,2024-10-25,2024-06-19
도착,아시아나항공,OZ8235,청주,제주,17:10,18:20,월+화+수+목+금+토+일,2024-03-31,2024-10-26,2024-06-19
도착,대한항공,KE1725,청주,제주,17:20,18:30,월+화+수+목+금+토+일,2024-03-31,2024-06-30,2024-06-19
도착,대한항공,KE1725,청주,제주,17:20,18:30,월+화+수+목+금+토+일,2024-07-01,2024-10-26,2024-06-19
도착,진에어,LJ473,원주,제주,17:20,18:35,월+화+수+목+금+토+일,2024-03-31,2024-10-26,2024-06-19
도착,티웨이항공,TW727,서울/김포,제주,17:20,18:30,월+화+수+목+금+토+일,2024-03-31,2024-10-26,2024-06-19
도착,진에어,LJ409,청주,제주,17:25,18:30,월+화+수+목+금+토+일,2024-03-31,2024-10-26,2024-06-19
도착,에어부산,BX8135,부산/김해,제주,17:30,18:30,월+화+수+금+토,2024-03-31,2024-10-26,2024-06-19
도착,에어부산,BX8019,서울/김포,제주,17:40,18:55,월+화+수+목+금+토+일,2024-03-31,2024-10-26,2024-06-19
도착,아시아나항공,OZ8937,서울/김포,제주,17:40,18:50,금+일,2024-06-21,2024-06-30,2024-06-19
도착,티웨이항공,TW729,서울/김포,제주,17:40,18:50,화+목+토,2024-03-31,2024-10-26,2024-06-19
도착,대한항공,KE1187,서울/김포,제주,17:50,19:00,월+화+수+목+금+토+일,2024-03-31,2024-10-26,2024-06-19
도착,대한항공,KE1619,광주,제주,17:50,18:45,월+화+수+목+금+토+일,2024-03-31,2024-10-26,2024-06-19
도착,아시아나항공,OZ8973,서울/김포,제주,17:50,19:00,월+화+수+목+금+토+일,2024-03-31,2024-10-26,2024-06-19
도착,이스타항공,ZE303,군산,제주,17:55,18:55,월+화+수+목+금+토+일,2024-03-31,2024-10-26,2024-06-19
도착,에어부산,BX8139,부산/김해,제주,18:00,19:00,월+화+수+목+토+일,2024-03-31,2024-10-26,2024-06-19
도착,아시아나항공,OZ8147,광주,제주,18:00,18:55,월+화+수+목+금+토+일,2024-03-31,2024-10-26,2024-06-19
도착,에어서울,RS907,서울/김포,제주,18:00,19:10,월+화+수+목+금+토+일,2024-05-27,2024-10-26,2024-06-19
도착,에어부산,BX8015,서울/김포,제주,18:05,19:20,월+화+수+목+금+토+일,2024-03-31,2024-10-26,2024-06-19
도착,티웨이항공,TW731,서울/김포,제주,18:10,19:20,월+화+수+목+금+토+일,2024-03-31,2024-10-26,2024-06-19
도착,이스타항공,ZE227,서울/김포,제주,18:10,19:20,월+화+수+목+금+토+일,2024-06-05,2024-10-26,2024-06-19
도착,제주항공,7C135,서울/김포,제주,18:15,19:25,월+화+수+목+금+토+일,2024-03-31,2024-10-26,2024-06-19
도착,에어부산,BX8139,부산/김해,제주,18:15,19:15,금,2024-03-31,2024-10-26,2024-06-19
도착,대한항공,KE1193,서울/김포,제주,18:20,19:30,월+화+수+목+금+토+일,2024-03-31,2024-10-26,2024-06-19
도착,티웨이항공,TW733,서울/김포,제주,18:25,19:35,월+수+금+일,2024-03-31,2024-10-26,2024-06-19
도착,제주항공,7C605,광주,제주,18:30,19:20,월+화+수+목+금+토+일,2024-03-31,2024-10-26,2024-06-19
도착,아시아나항공,OZ8981,서울/김포,제주,18:30,19:40,월+화+수+목+금+토+일,2024-09-01,2024-10-26,2024-06-19
도착,진에어,LJ429,대구,제주,18:35,19:40,월+화+수+목+금+토+일,2024-03-31,2024-10-26,2024-06-19
도착,이스타항공,ZE229,서울/김포,제주,18:35,19:45,화+목+토,2024-06-18,2024-06-29,2024-06-19
도착,이스타항공,ZE229,서울/김포,제주,18:35,19:45,화+목+토,2024-06-30,2024-10-26,2024-06-19
도착,대한항공,KE1575,대구,제주,18:40,19:45,월+화+수+목+금+토+일,2024-03-31,2024-10-26,2024-06-19
도착,에어로케이항공,RF613,청주,제주,18:45,19:50,월+화+수+목+금+토+일,2024-03-31,2024-10-26,2024-06-19
도착,아시아나항공,OZ8983,서울/김포,제주,18:50,20:00,월+화+수+목+금+토+일,2024-03-31,2024-10-26,2024-06-19
도착,제주항공,7C855,청주,제주,18:55,20:10,월+화+수+목+금+토+일,2024-03-31,2024-10-26,2024-06-19
도착,이스타항공,ZE2872,부산/김해,제주,18:55,20:00,월+금,2024-06-28,2024-09-20,2024-06-19
도착,대한항공,KE1209,서울/김포,제주,19:00,20:10,월+화+수+목+금+토+일,2024-03-31,2024-10-26,2024-06-19
도착,진에어,LJ567,부산/김해,제주,19:00,20:00,월+화+수+목+금+토+일,2024-03-31,2024-10-26,2024-06-19
도착,티웨이항공,TW735,서울/김포,제주,19:00,20:10,월+화+수+목+금+토+일,2024-03-31,2024-06-27,2024-06-19
도착,티웨이항공,TW735,서울/김포,제주,19:00,20:10,월+화+수+목+금+토+일,2024-07-02,2024-10-26,2024-06-19
도착,에어부산,BX8023,서울/김포,제주,19:05,20:25,화+금,2024-03-31,2024-10-26,2024-06-19
도착,진에어,LJ513,서울/김포,제주,19:05,20:15,월+화+수+목+금+토+일,2024-03-31,2024-10-26,2024-06-19
도착,아시아나항공,OZ8985,서울/김포,제주,19:05,20:15,월+화+수+목+금+토+일,2024-03-31,2024-10-26,2024-06-19
도착,제주항공,7C137,서울/김포,제주,19:10,20:20,월+화+수+목+금+토+일,2024-03-31,2024-10-26,2024-06-19
도착,아시아나항공,OZ8127,대구,제주,19:10,20:15,월+화+수+목+금+토+일,2024-03-31,2024-10-26,2024-06-19
도착,대한항공,KE1553,부산/김해,제주,19:15,20:15,월+화+수+목+금+토+일,2024-03-31,2024-06-30,2024-06-19
도착,대한항공,KE1553,부산/김해,제주,19:15,20:15,월+화+수+목+금+토+일,2024-07-01,2024-10-26,2024-06-19
도착,진에어,LJ411,청주,제주,19:15,20:25,월+화+수+목+금+토+일,2024-03-31,2024-10-26,2024-06-19
도착,아시아나항공,OZ8981,서울/김포,제주,19:15,20:25,월+화+수+목+금+토+일,2024-06-11,2024-08-31,2024-06-19
도착,제주항공,7C853,청주,제주,19:20,20:30,월+화+수+목+금+토+일,2024-03-31,2024-10-26,2024-06-19
도착,대한항공,KE1211,서울/김포,제주,19:20,20:30,월+화+수+목+금+토+일,2024-03-31,2024-10-26,2024-06-19
도착,이스타항공,ZE231,서울/김포,제주,19:25,20:35,월+화+수+목+금+토+일,2024-06-16,2024-10-26,2024-06-19
도착,제주항공,7C139,서울/김포,제주,19:30,20:40,월+화+수+목+금+토+일,2024-03-31,2024-10-26,2024-06-19
도착,에어부산,BX8131,부산/김해,제주,19:35,20:40,수+토+일,2024-03-31,2024-10-26,2024-06-19
도착,진에어,LJ515,서울/김포,제주,19:35,20:45,수+토,2024-05-08,2024-07-20,2024-06-19
도착,진에어,LJ515,서울/김포,제주,19:35,20:45,수+목+토+일,2024-07-21,2024-10-06,2024-06-19
도착,티웨이항공,TW809,대구,제주,19:35,20:35,월+화+수+목+금+토+일,2024-03-31,2024-10-26,2024-06-19
도착,이스타항공,ZE233,서울/김포,제주,19:45,20:55,월+화+수+목+금+토+일,2024-03-31,2024-10-26,2024-06-19
도착,진에어,LJ457,광주,제주,19:50,20:45,월+화+목+금+일,2024-05-08,2024-09-28,2024-06-19
도착,진에어,LJ457,광주,제주,19:50,20:45,월+화+수+목+금+토+일,2024-09-29,2024-10-26,2024-06-19
도착,제주항공,7C707,대구,제주,20:00,21:10,월+화+수+목+금+토+일,2024-03-31,2024-07-16,2024-06-19
도착,티웨이항공,TW813,대구,제주,20:05,21:05,화+수+목+토+일,2024-06-17,2024-10-25,2024-06-19
도착,티웨이항공,TW813,대구,제주,20:05,21:05,월+화+수+목+금+토+일,2024-10-26,2024-10-26,2024-06-19
도착,티웨이항공,TW813,대구,제주,20:15,21:15,월+금,2024-06-17,2024-10-25,2024-06-19
도착,제주항공,7C141,서울/김포,제주,20:30,21:40,월+화+수+목+금+토+일,2024-03-31,2024-10-26,2024-06-19
도착,대한항공,KE1227,서울/김포,제주,20:30,21:40,월+화+수+목+금+토+일,2024-06-01,2024-10-26,2024-06-19
도착,이스타항공,ZE705,청주,제주,20:35,21:40,월+화+수+목+금+토+일,2024-03-31,2024-10-26,2024-06-19
도착,아시아나항공,OZ8993,서울/김포,제주,20:50,22:00,월+화+수+목+금+토+일,2024-03-31,2024-10-26,2024-06-19
도착,대한항공,KE1561,부산/김해,제주,21:05,22:05,월+화+수+목+금+토+일,2024-03-31,2024-06-30,2024-06-19
도착,대한항공,KE1561,부산/김해,제주,21:05,22:05,월+화+수+목+금+토+일,2024-07-01,2024-10-26,2024-06-19
도착,이스타항공,ZE711,청주,제주,21:05,22:10,월+금,2024-06-28,2024-07-15,2024-06-19
도착,아시아나항공,OZ8995,서울/김포,제주,21:20,22:30,월+화+수+목+금+토+일,2024-03-31,2024-10-26,2024-06-19